<?xml version="1.0" encoding="UTF-8" standalone="yes"?>
<addon id="plugin.video.elementum" name="Elementum" version="0.1.106" provider-name="elgatito">
    <requires>
        <import addon="xbmc.addon" version="16.0.0" />
        <import addon="script.module.kodi-six" />
        <import addon="script.module.requests" version="2.9.1" />
    </requires>
    <extension point="xbmc.python.script" library="navigation.py">
        <provides>executable</provides>
    </extension>
    <extension point="xbmc.service" library="service.py" start="startup" />
    <extension point="xbmc.python.module" library="resources/site-packages" />
    <extension point="xbmc.subtitle.module" library="navigation.py" />
    <extension point="xbmc.addon.metadata">
        <platform>all</platform>
        <website>http://elementum.surge.sh/</website>
        <source>https://github.com/elgatito/plugin.video.elementum</source>
        <forum></forum>
        <license>Non commercial. See https://github.com/elgatito/plugin.video.elementum/blob/master/LICENSE</license>
        <assets>
            <icon>icon.png</icon>
            <fanart>fanart.jpg</fanart>
            <screenshot>resources/screenshots/home.png</screenshot>
            <screenshot>resources/screenshots/movies.png</screenshot>
            <screenshot>resources/screenshots/webui.png</screenshot>
        </assets>
    </extension>
</addon>