<?xml version="1.0" encoding="UTF-8" standalone="yes"?>
<addon id="plugin.video.elementum" name="Elementum" version="0.1.106" provider-name="elgatito">
    <requires>
        <import addon="xbmc.addon" version="16.0.0" />
        <!-- <import addon="repository.elementumorg" optional="true" /> -->
        <import addon="script.module.kodi-six" />
        <import addon="script.module.requests" version="2.9.1" />
    </requires>
    <extension point="xbmc.python.pluginsource" library="navigation.py">
        <provides>video</provides>
    </extension>
    <extension point="xbmc.service" library="service.py" start="startup" />
    <extension point="xbmc.python.module" library="resources/site-packages" />
    <extension point="xbmc.subtitle.module" library="navigation.py" />
    <extension point="xbmc.addon.metadata">
        <language>en el es de fi fr he hr it nl pt ro sk sv</language>
        <platform>all</platform>
        <forum></forum>
        <license>Non commercial. See https://github.com/elgatito/plugin.video.elementum/blob/master/LICENSE</license>
        <assets>
            <icon>icon.png</icon>
            <fanart>fanart.jpg</fanart>
        </assets>
    </extension>
</addon>